Title,Price
,
Winter Warm Heating Seat Cushion Backrest Pillow Integrated Office Home Cushion,$71.60
New Electric Heated Foot Warmer Winter Home Office Plush Feet Warming D,$17.89
3 Pc Polyester Heating Mat Winter Home Blanket for Small Electric Individual,$59.74
Winter Heating Cushion Home Pad Best Office Blanket Whole Body,$35.38
COZEE HOME WINTER BLANKET ELECTRIC HEATED THROW faux fur 9 settings Silver GREY,$29.40
USB Electric Heated Seat Cushion Heating Pad Winter Warm Home Chair Car Seat Pad,$25.51
COZEE HOME WINTER Blanket ELECTRIC HEATED THROW 9 settings - Choose you colour,$46.02
Heating Home Office Chair Winter Heated Mat Electric Blanket Pet Mat Warmer Pad,$8.63 to $9.36
Electric Heating Foot Warmer USB Heating Pad Winter Feet Warmer For Home Office,$15.89
250W Electric Heater Portable Mini Air Space Heater Winter Heating Fan Home,$23.83
"Hunting Heated Jacket for Men - Women Winter Heated Jackets, Large Camo",$121.04
NEW LISTINGOutdoor Home Use Cotton Intelligent USB Winter Heating Scarf Skin Friendly,$17.05
NEW LISTINGOutdoor Home Use Cotton Intelligent USB Winter Heating Scarf Skin Friendly,$17.05
Comfier Standard Heated Car Seat Cushion Home Office Chair Winter Warm - CF-2105,$50.00
Home Electric Heater Portable Desktop Winter Fan Air Heating Warmer Office,$25.03
Winter Both-sided Coral Fleece Heating Blanket USB Heated Warm Shawl Home Office,$48.70
Mini Heater Fast Heating Mini Fan Air Heater Winter Warmth Office Home Portable,$19.90
Portable 5V USB Electric Heated Car Office Home Use Winter Heating Throw K,$15.55
Fast Electric Heating Foot Warmer UK Plug Therapy Home Winter Warming Pad Mat,$35.83
4 Pairs Womens thermal Heat control Thermal Winter Warm Socks 2.3 tog 4-7,$11.94
Soft Velvet Electric Heated Blanket Winter Electric Heating Pads for Home Office,$22.84
Home 220V Electric Heating Blanket for Pet Cat Dog Winter Warmer Pad Mat u,$10.91
Electric Hand Warmer USB Mouse Desk Heater Rechargeable Winter Heating Home 100W,$54.33
Heating Home Office Chair Winter Pet Mat Warmer Pad Heated Mat Electric Blanket,$9.26 to $10.04
30-Plate Winter Hot Water Exchanger Home Cooling and Heating System,$79.90
Portable 5V USB Electric Heated Car Office Home Use Winter Heating Throw L,$16.89
Heating Foot Warmer USB Heating Pad Winter Feet Warmer For Home Office Electric-,$16.18
Portable Electric Mini Desktop Heater 220V Fast Heating Heat Fan Home Winter c c,$12.10 to $12.85
Winter USB-Heated Shawl Cover Pad Warm-up Electric Blanket Home Warm Knee Pads,$40.37 to $43.38
Mini Air Heater Heating Fan Winter Quick Heat Office Home Convenient Portable,$21.80
Flannel Electric Foot Warmers Foot Warming Bag for Winter Office Home Electric H,$49.99
Home Winter Warm Foot Warming Mat Electric Heating Pad Foot Warmer USB Charging,$16.62
220V Winter Heating Foot Mat Office home Electric Heating Pad He 7A Feet Hot Y0,$19.80 to $42.31
6 Pairs Thermal Socks Ski Winter Heat Warm Outdoor Boot Work Assorted socks 6-11,$5.42 to $9.77
Heating Home Office Chair Winter Electric Blanket Warmer Pad Pet Mat Heated Mat,$9.50 to $10.31
Portable 5V USB Electric Heated Car Office Home Use Winter Heating Throw A,$14.27
Winter Air Heater Adjustable Heating Warmer Fan PTC Fast Heating for Home Office,$23.98 to $24.09
Unisex House Shoes Convenient USB Heated Slippers Home Cotton Shoes for Winter,$19.98 to $20.76
Heat Cushion Pain Relief Massage Winter Warmer Mat for Home Sofa Bed Seat Office,$22.53 to $22.74
Lot 5 Pairs Wool Thermal Thick Boot Heated Warm Crew Women Fanshion Socks Winter,$18.17
Blanket Electric Heated Usb Heating Throw Shawl Portable Winter Warm Home Wash,$16.00 to $33.91
Winter Heating Warmer Fan 2 Gear Warmer Machine PTC Fast Heating for Home Office,$20.82 to $20.95
Portable Electric Mini Desktop Heater 220V Fast Heating Heat Fan Home Winter,$23.04
Electric Heated Foot Warmers Winter Heating Pad Cushion Soft for Home/Bed/Office,$17.20 to $18.20
Home 220V Electric Heating Blanket for Pet Cat Dog Winter Warmer Pad A,$9.36
Winter Home Electric Heating Blanket 6 Gear 3 Timing Mode Heated Pad Mat New,$27.25 to $27.80
Soft Velvet Electric Heated Blanket Winter Electric Heating Pads for Home Office,$24.55
Winter Warm Home Electric Heating Pad Foot Warming Mat Foot Warmer USB Charging,$18.88
Smart Control Electric Heating Blanket Home Comfortable Winter Soft Pad Mat,$42.44 to $67.76
Home Winter Chimney Fan Accessories Fan Motor Fans Heat Operated,$15.63
5V USB Car Heating Cushion Universal Home Office Chair Cushion Heat Winter Warm,$19.94
Blaupunkt Plug-In Heater 500W Home Office Heat Warm Winter Warmer Cheap Save UK,$31.97
Single Control Electric Heating Pad Mat Home Comfortable Winter Warm Blanket,$37.71 to $67.51
1x 5V USB Car/Home/Office Chair Heating Cushion Winter Warmer Chair Pad Black,$17.85
Car Heated Seat Cushion Electric 12V Back Winter Heating Pad Home,$23.10
Cat Dog Winter Home Office Chair Heated Mat Electric Blanket Pet Mat Warmer Pad,$7.21 to $9.41
Winter Home Office Chair Pad Bed Electric Blanket Heated Mat Warmer Pad Pet Mat,$9.53 to $10.34
Mini Air Heater Heating Fan Winter Quick Heat Office Home Convenient Portable,$24.01
12V Car Seat Heater Warmer Cover Heated Seat Cushion Pad For Home/Office Winter,$36.79 to $66.39
Electric Heated Blanket Heating Mattress Water Circulation System Warm Winter,$134.99 to $159.99
